{
  "name": "small0",
  "path": "",
  "size": {
    "x": 1.0,
    "y": 1.0
  },
  "texture": "texture/entity/wreck/small0.png",
  "treeIndex": 0,
  "type": "SMALL",
  "vertices": [
    {
      "x": 0.30705005,
      "y": 0.33930004
    },
    {
      "x": -0.3417,
      "y": 0.27644998
    },
    {
      "x": -0.3092,
      "y": -0.34605002
    },
    {
      "x": 0.32625002,
      "y": -0.34195
    }
  ]
}